,0,1,2,3
0,,,,
1,1,Romance Dawn - The Dawn of the Adventure,"July 19, 1997",53
2,2,"That Guy, ""Straw Hat Luffy""","July 28, 1997",23
3,3,"Introducing ""Pirate Hunter Zoro""","August 4, 1997",21
4,4,"Marine Captain ""Axe-Hand Morgan""","August 11, 1997",19
5,5,Pirate King and Master Swordsman,"August 25, 1997",19
6,6,The First Crew Member,"September 1, 1997",23
7,7,Friends,"September 8, 1997",20
8,8,Introducing Nami,"September 13, 1997",19
9,9,The Devil Girl,"September 22, 1997",21
10,10,The Incident at the Bar,"September 29, 1997",23
11,11,Take Flight,"October 6, 1997",19
12,12,Dog,"October 13, 1997",21
13,13,Treasure,"October 20, 1997",19
14,14,Reckless!!,"October 27, 1997",19
15,15,Gong,"November 1, 1997",19
16,16,Versus!! The Buggy Pirate Crew,"November 10, 1997",17
17,17,Character,"November 17, 1997",20
18,18,"Pirate ""Buggy the Clown""","November 22, 1997",19
19,19,Devil Fruit,"December 1, 1997",19
20,20,A Thief's Philosophy,"December 8, 1997",19
21,21,Town,"December 22, 1997",19
22,22,You're the Rare Breed,"January 5, 1998",29
23,23,Captain Usopp Appears,"January 12, 1998",19
24,24,Things That Can't Be Faked,"January 19, 1998",19
25,25,800 Lies,"January 26, 1998",19
26,26,Captain Kuro's Plan,"February 2, 1998",19
27,27,Plan,"February 9, 1998",21
28,28,Crescent Moon,"February 16, 1998",19
29,29,Hill Road,"February 23, 1998",21
30,30,Great!!!,"March 2, 1998",19
31,31,Truth,"March 9, 1998",19
32,32,Disaster,"March 16, 1998",19
33,33,The Silent Man,"March 23, 1998",19
34,34,Klahadore the Butler,"March 30, 1998",19
35,35,Neo Hill Road,"April 6, 1998",19
36,36,Follow Them!!,"April 13, 1998",21
37,37,"The Pirate, ""Kuro of a Hundred Plans""","April 20, 1998",19
38,38,Pirate Crew,"April 27, 1998",20
39,39,For Whom the Bell Tolls,"May 11, 1998",19
40,40,The Usopp Pirates,"May 18, 1998",19
41,41,To the Sea,"May 25, 1998",18
42,42,Yosaku and Johnny,"June 1, 1998",19
43,43,Introducing Sanji,"June 8, 1998",19
44,44,Three Cooks,"June 15, 1998",20
45,45,Before the Storm,"June 22, 1998",18
46,46,An Uninvited Guest,"June 29, 1998",19
47,47,"Pirate Fleet Admiral ""Don Krieg""","July 6, 1998",19
48,48,Leave That Path Alone,"July 13, 1998",19
49,49,The Storm,"July 18, 1998",18
50,50,Every One is a Road,"July 27, 1998",19
51,51,Roronoa Zoro Falls Into the Sea,"August 3, 1998",19
52,52,The Oath,"August 10, 1998",20
53,53,Sabagashira No. 1,"August 24, 1998",19
54,54,Pearl-san,"August 31, 1998",19
55,55,Jungle Blood,"September 7, 1998",19
56,56,No Way,"September 14, 1998",20
57,57,Because of Dreams,"September 21, 1998",19
58,58,Old Fart,"September 28, 1998",19
59,59,Obligation,"October 5, 1998",19
60,60,Between Right and Wrong,"October 12, 1998",19
61,61,Demon,"October 19, 1998",20
62,62,M-H-5,"October 26, 1998",19
63,63,I Ain't Gonna Die,"November 2, 1998",19
64,64,Giant Battle Spear,"November 9, 1998",18
65,65,Prepare,"November 16, 1998",19
66,66,The Spear Is Stifled,"November 21, 1998",19
67,67,Soup,"November 30, 1998",19
68,68,The Fourth Person,"December 7, 1998",19
69,69,Arlong Park,"December 19, 1998",20
70,70,Usopp's Great Manly Adventure,"January 4, 1999",20
71,71,King of the Beasts,"January 11, 1999",19
72,72,Appropriate,"January 18, 1999",19
73,73,"The Monster from the ""Grand Line""","January 25, 1999",19
74,74,Business,"February 1, 1999",19
75,75,Sea Charts and Fishman,"February 8, 1999",19
76,76,Sleep,"February 15, 1999",19
77,77,One Step of the Dream,"February 22, 1999",19
78,78,Bell-mère-san,"March 1, 1999",19
79,79,Survive,"March 8, 1999",19
80,80,A Crime Is a Crime,"March 15, 1999",19
81,81,Tears,"March 20, 1999",19
82,82,"OK, Let's Stand Up!","March 29, 1999",19
83,83,Luffy In Black,"April 5, 1999",19
84,84,Zombie,"April 12, 1999",19
85,85,Three-Sword Style vs. Six-Sword Style,"April 19, 1999",19
86,86,Chivalry vs. Fishman Karate,"April 26, 1999",20
87,87,It's Over!!,"May 10, 1999",19
88,88,Die!!!,"May 17, 1999",19
89,89,Switch,"May 24, 1999",19
90,90,What Can You Do?,"May 31, 1999",19
91,91,Darts,"June 7, 1999",19
92,92,Paradise,"June 14, 1999",19
93,93,Going Down,"June 21, 1999",19
94,94,The Second Person,"June 28, 1999",17
95,95,"Spin, Pinwheel, Spin","July 5, 1999",19
96,96,Greatest Evil of the East,"July 12, 1999",19
97,97,Sandai Kitetsu,"July 19, 1999",19
98,98,Dark Clouds,"July 26, 1999",19
99,99,Luffy Died,"August 2, 1999",19
100,100,The Legend Has Begun,"August 9, 1999",24
101,101,Reverse Mountain,"August 23, 1999",19
102,102,"And now, the Grand Line","August 30, 1999",19
103,103,Whale,"September 6, 1999",20
104,104,Cape Promise,"September 13, 1999",19
105,105,Log Pose,"September 20, 1999",19
106,106,The Town of Celebration,"September 27, 1999",19
107,107,Moonlight and Gravestones,"October 4, 1999",18
108,108,100 Bounty Hunters,"October 9, 1999",19
109,109,Responsibility Problem,"October 18, 1999",19
110,110,The Night Will Not End,"October 25, 1999",19
111,111,Secret Criminal Syndicate,"November 1, 1999",18
112,112,Luffy vs. Zoro,"November 8, 1999",19
113,113,It's Okay!!!,"November 15, 1999",19
114,114,Route,"November 22, 1999",19
115,115,Adventure in Little Garden,"December 6, 1999",19
116,116,Huge,"December 13, 1999",19
117,117,Dorry and Brogy,"December 20, 1999",19
118,118,Someone's Here,"January 3, 2000",19
119,119,Makeshift,"January 17, 2000",19
120,120,The Red Ogre Cried,"January 24, 2000",19
121,121,I Knew,"January 31, 2000",19
122,122,A Corpse Won't Help,"February 7, 2000",19
123,123,Luffy vs. Mr. 3,"February 14, 2000",19
124,124,Damn Good Tea,"February 21, 2000",19
125,125,Candle Champion,"February 28, 2000",19
126,126,Instinct,"March 6, 2000",19
127,127,Den Den Mushi,"March 13, 2000",19
128,128,Pride (Pirate Flag),"March 18, 2000",20
129,129,Straight Ahead!!!,"March 27, 2000",21
130,130,Maximum Speed,"April 3, 2000",19
131,131,Tin Plate Wapol,"April 10, 2000",19
132,132,See?,"April 17, 2000",19
133,133,Adventure in the Country Without a Name,"April 24, 2000",20
134,134,Dr. Kureha,"May 8, 2000",19
135,135,Lapahn,"May 15, 2000",19
136,136,The Man Called Dalton,"May 22, 2000",19
137,137,Avalanche,"May 29, 2000",20
138,138,Summit,"June 5, 2000",19
139,139,Introducing Tony Tony Chopper,"June 12, 2000",19
140,140,Castle of Snow,"June 19, 2000",19
141,141,Quack Doctor,"June 26, 2000",19
142,142,"Skull, Crossbone and Sakura","July 3, 2000",19
143,143,Unskilled,"July 10, 2000",19
144,144,Snow Story,"July 17, 2000",19
145,145,Inherited Will,"July 24, 2000",19
146,146,The Battle of National Defense,"July 31, 2000",19
147,147,Downright Lie,"August 7, 2000",19
148,148,You Can't Destroy It,"August 21, 2000",19
149,149,Rumble!!,"August 28, 2000",19
150,150,Royal Drum Crown 7-Shot Bliking Cannon,"September 4, 2000",19
151,151,Drum Skies,"September 11, 2000",19
152,152,Full Moon,"September 18, 2000",19
153,153,Hiluluk's Sakura,"September 25, 2000",19
154,154,To Alabasta,"October 2, 2000",19
155,155,"Sir Crocodile the ""Pirate""","October 7, 2000",19
156,156,Okama Weather,"October 16, 2000",19
157,157,Introducing Ace,"October 23, 2000",19
158,158,Arriving in Alabasta,"October 30, 2000",19
159,159,Come On,"November 6, 2000",19
160,160,"Spiders Cafe, 8 o'clock","November 13, 2000",19
161,161,"The Green Town, Erumalu","November 20, 2000",19
162,162,Adventure in the Kingdom of Sand,"November 27, 2000",19
163,163,"Yuba, the Rebel Town","December 4, 2000",19
164,164,I Love This Country,"December 11, 2000",19
165,165,Plan: Utopia,"December 18, 2000",18
166,166,Luffy vs. Vivi,"January 4, 2001",19
167,167,Battlefront,"January 15, 2001",19
168,168,"Rainbase, Town of Dreams","January 22, 2001",19
169,169,Strongest Warrior in the Kingdom,"January 29, 2001",19
170,170,It Begins,"February 5, 2001",19
171,171,"Kohza, Leader of the Rebellion","February 10, 2001",19
172,172,Rebellion,"February 26, 2001",19
173,173,Bananadile,"March 5, 2001",19
174,174,Mr. Prince,"March 12, 2001",19
175,175,Liberation,"March 19, 2001",19
176,176,Rush!!,"March 26, 2001",19
177,177,"30,000,000 vs. 81,000,000","April 2, 2001",19
178,178,Level G.L.,"April 9, 2001",19
179,179,The End Will Be in Alubarna,"April 16, 2001",19
180,180,Alabasta Animal Kingdom,"April 23, 2001",19
181,181,Super Spot-Billed Duck Quiz,"May 7, 2001",19
182,182,Roar,"May 14, 2001",19
183,183,Commander Carue,"May 21, 2001",19
184,184,Molehill 4th St.,"May 28, 2001",19
185,185,"Wow, That's Nice","June 4, 2001",19
186,186,4,"June 11, 2001",19
187,187,Even Match,"June 18, 2001",19
188,188,Okama Kenpo,"June 25, 2001",19
189,189,2,"July 2, 2001",19
190,190,Clima Tact,"July 9, 2001",19
191,191,The Woman Who Controls the Weather,"July 16, 2001",19
192,192,Whirlwind Warning,"July 23, 2001",19
193,193,Ideal Nation,"July 30, 2001",19
194,194,Cut Through Steel,"August 6, 2001",18
195,195,Mr. Bushido,"August 20, 2001",21
196,196,1,"August 27, 2001",19
197,197,The Leaders,"September 3, 2001",19
198,198,4:15 p.m.,"September 10, 2001",19
199,199,Hope!!,"September 17, 2001",19
200,200,Water Luffy,"September 22, 2001",19
201,201,Nico Robin,"October 1, 2001",19
202,202,The Royal Crypt,"October 6, 2001",19
203,203,Crocish,"October 15, 2001",19
204,204,Red,"October 22, 2001",19
205,205,The Suna Suna Clan's Secret Base,"October 29, 2001",19
206,206,Ignition,"November 5, 2001",19
207,207,Nightmare,"November 12, 2001",19
208,208,Guardian Spirits,"November 19, 2001",19
209,209,I Will Surpass You,"November 26, 2001",19
210,210,0,"December 3, 2001",17
211,211,King,"December 10, 2001",19
212,212,Some Justice,"December 17, 2001",19
213,213,VIP,"December 28, 2001",23
214,214,Plan to Escape from the Kingdom of Sand,"January 7, 2002",19
215,215,Last Waltz,"January 21, 2002",19
216,216,Vivi's Adventure,"January 28, 2002",19
217,217,Stowaway,"February 4, 2002",19
218,218,Why the Log Pose is Spherical,"February 18, 2002",19
219,219,Salvage King Masira,"February 25, 2002",19
220,220,Sea Floor Stroll,"March 4, 2002",19
221,221,Monsters,"March 11, 2002",19
222,222,Big-Time Rookies,"March 18, 2002",19
223,223,I Promise Not to Fight Within This Town,"March 25, 2002",19
224,224,Never Dream,"April 1, 2002",19
225,225,A Man's Dream,"April 8, 2002",19
226,226,Shoujou King of the Ocean Floor Searches,"April 15, 2002",19
227,227,Noland the Liar,"April 22, 2002",19
228,228,"Last Boss of the Allied Saruyama Forces, Montblanc Cricket","April 27, 2002",19
229,229,Let's Eat,"May 13, 2002",19
230,230,Find the South Bird!!,"May 20, 2002",19
231,231,Bellamy the Hyena,"May 27, 2002",19
232,232,The Hundred Million Man,"June 3, 2002",19
233,233,The Highest Authority in the World,"June 10, 2002",19
234,234,Please Be Sure to Remember It,"June 17, 2002",19
235,235,Knock Up Stream,"June 24, 2002",19
236,236,The Ship Goes Into the Sky,"July 1, 2002",19
237,237,In the Sky,"July 8, 2002",19
238,238,Heaven's Gate,"July 15, 2002",17
239,239,Angel Beach,"July 22, 2002",17
240,240,Dial Energy,"July 29, 2002",17
241,241,The Judgement of Heaven,"August 5, 2002",17
242,242,Class-2 Criminals,"August 12, 2002",17
243,243,Ordeals,"August 26, 2002",17
244,244,SOS,"September 2, 2002",19
245,245,Adventure on God's Island,"September 9, 2002",17
246,246,"Satori, Priest of the Wandering Forest","September 14, 2002",19
247,247,Ordeal of Balls,"September 22, 2002",19
248,248,Former God vs. Priest,"October 7, 2002",19
249,249,The Hidden Cloud Village,"October 12, 2002",19
250,250,Ball Dragon,"October 21, 2002",19
251,251,Overture,"October 28, 2002",19
252,252,Junction,"November 2, 2002",19
253,253,Vearth,"November 11, 2002",19
254,254,Aubade,"November 18, 2002",19
255,255,The Anaconda and the Search Team,"November 25, 2002",19
256,256,"Wiper the ""Berserker""","December 2, 2002",19
257,257,Dial Battle,"December 9, 2002",19
258,258,Several Ways South,"December 16, 2002",19
259,259,Zoro the Pirate vs. Braham the Warrior,"December 30, 2002",19
260,260,Luffy the Pirate vs. Wiper the Berserker,"January 6, 2003",17
261,261,Genbo the Warrior vs. Yama the Head Holy Guard,"January 20, 2003",19
262,262,Chopper the Pirate vs. Gedatsu the Priest,"January 27, 2003",19
263,263,Nami the Pirate and the Weird Knight vs. the Holy Guard Second-in-Command Hotori and Kotori,"February 3, 2003",19
264,264,Kamakiri the Warrior vs. God Enel,"February 10, 2003",19
265,265,Robin the Pirate vs. Yama the Head Holy Warrior,"February 17, 2003",19
266,266,Chopper the Pirate vs. Ohm the Priest,"February 24, 2003",19
267,267,March,"March 3, 2003",19
268,268,Suite,"March 10, 2003",19
269,269,Concerto,"March 17, 2003",21
270,270,Serenade,"March 31, 2003",19
271,271,Zoro the Pirate vs. Ohm the Priest,"April 7, 2003",19
272,272,Play,"April 14, 2003",19
273,273,Quintet,"April 21, 2003",19
274,274,Oratorio,"April 28, 2003",21
275,275,Divina Commedia,"May 12, 2003",19
276,276,Shandia Rhythm,"May 19, 2003",19
277,277,Maxim,"May 26, 2003",19
278,278,Conis,"June 2, 2003",19
279,279,Luffy the Pirate vs. God Enel,"June 9, 2003",19
280,280,Surfacing,"June 16, 2003",19
281,281,Deathpiea,"June 23, 2003",19
282,282,Desire,"June 30, 2003",19
283,283,Operation Love Rescue: Front Line,"July 7, 2003",19
284,284,Thanks,"July 14, 2003",19
285,285,Capriccio,"July 19, 2003",19
286,286,The Monster of Shandora,"July 28, 2003",17
287,287,Godkiller,"August 11, 2003",19
288,288,Curse,"August 25, 2003",19
289,289,Full Moon,"September 1, 2003",21
290,290,The Light of Shandora,"September 8, 2003",19
291,291,I'm Right Here,"September 13, 2003",19
292,292,Meeting a Broken Moon Through the Clouds,"September 22, 2003",19
293,293,Bolero,"September 29, 2003",19
294,294,Raigoh,"October 6, 2003",19
295,295,Giant Jack,"October 11, 2003",19
296,296,High-Altitude Situation,"October 20, 2003",19
297,297,Praises of the Earth,"October 27, 2003",19
298,298,Love Song,"November 1, 2003",19
299,299,Fantasia,"November 10, 2003",19
300,300,Symphony,"November 22, 2003",19
301,301,I Was Here,"December 1, 2003",19
302,302,Finale,"December 8, 2003",19
303,303,Rich Pirates,"December 15, 2003",19
304,304,Adventure on a Long Island,"December 22, 2003",21
305,305,Foxy the Silver Fox,"January 5, 2004",19
306,306,Donut Race!!,"January 19, 2004",19
307,307,"Ready, Donuts!!","January 26, 2004",19
308,308,The Grand Interference Plan,"February 2, 2004",19
309,309,Groggy Monsters,"February 9, 2004",19
310,310,Groggy Ring!!,"February 16, 2004",19
311,311,Rough Game,"February 23, 2004",19
312,312,Goal!!,"March 1, 2004",19
313,313,Main Event,"March 8, 2004",19
314,314,Combat!!!,"March 15, 2004",19
315,315,Secret Room,"March 22, 2004",19
316,316,Brother Soul,"March 29, 2004",19
317,317,K.O.,"April 12, 2004",21
318,318,Closure,"April 19, 2004",19
319,319,"Marine Headquarters ""Admiral"" Aokiji","April 26, 2004",19
320,320,Greatest Power,"May 10, 2004",19
321,321,One-on-One,"May 17, 2004",19
322,322,Puffing Tom,"May 24, 2004",19
323,323,"The Water Metropolis, Water 7","May 31, 2004",19
324,324,Adventure in the City of Water,"June 7, 2004",19
325,325,The Franky Family,"June 14, 2004",19
326,326,Iceburg-san,"June 21, 2004",17
327,327,"Shipyard Island, Construction Dock No. 1","June 28, 2004",21
328,328,The Pirate Kidnapping Incident,"July 12, 2004",19
329,329,"My Name is ""Franky""","July 17, 2004",19
330,330,I've Decided,"July 26, 2004",19
331,331,A Big Quarrel,"August 2, 2004",19
332,332,Luffy vs. Usopp,"August 9, 2004",19
333,333,Captain,"August 23, 2004",19
334,334,The Case of the Sealed Room,"August 30, 2004",19
335,335,Warning,"September 6, 2004",19
336,336,Luffy vs. Franky,"September 13, 2004",19
337,337,"Bodyguards of the ""Water Metropolis""","September 18, 2004",19
338,338,Coup de Vent,"September 27, 2004",19
339,339,Rumors,"October 4, 2004",19
340,340,The Woman Who Brings Darkness,"October 9, 2004",19
341,341,Devil,"October 18, 2004",19
342,342,Messengers of Darkness,"October 25, 2004",19
343,343,Cipher Pol No. 9,"November 1, 2004",19
344,344,Opposing Powers,"November 8, 2004",19
345,345,The Concealed,"November 15, 2004",19
346,346,The 9th Justice,"November 29, 2004",19
347,347,Rokushiki,"December 6, 2004",19
348,348,Combat Power,"December 13, 2004",19
349,349,One Citizen,"December 20, 2004",19
350,350,Warehouse Under the Bridge,"January 3, 2005",19
351,351,Klabautermann,"January 17, 2005",19
352,352,Tom's Workers,"January 24, 2005",19
353,353,The Legendary Shipwright,"January 31, 2005",19
354,354,Sea Train,"February 7, 2005",19
355,355,Spandam,"February 14, 2005",19
356,356,Tom-san,"February 28, 2005",19
357,357,Cutty Flam,"March 7, 2005",21
358,358,Revival,"March 14, 2005",19
359,359,Bingo,"March 19, 2005",19
360,360,Departing Soon,"March 28, 2005",19
361,361,P.S.,"April 4, 2005",19
362,362,Ebb Tide,"April 11, 2005",19
363,363,Aqua Laguna,"April 18, 2005",19
364,364,Kokoro,"April 25, 2005",19
365,365,Rocketman!!,"May 9, 2005",19
366,366,Sortie!!,"May 16, 2005",19
367,367,Sogeking,"May 23, 2005",19
368,368,Sea Train Battle Game,"May 30, 2005",19
369,369,Ramen Kenpo,"June 6, 2005",19
370,370,You're Not Alone,"June 13, 2005",19
371,371,The Admirable Captain T-Bone,"June 20, 2005",19
372,372,Parage,"June 27, 2005",19
373,373,Necessary Evil,"July 4, 2005",19
374,374,Struggle,"July 16, 2005",19
375,375,The Superhumans of Enies Lobby,"July 25, 2005",19
376,376,Got It!!!,"August 1, 2005",19
377,377,Great Battle on the Judiciary Island!!,"August 8, 2005",19
378,378,Damage Report,"August 22, 2005",19
379,379,Dōriki,"August 29, 2005",19
380,380,Express to Enies Lobby Main Island,"September 5, 2005",19
381,381,Fired,"September 12, 2005",19
382,382,The Demon's Hideout,"September 17, 2005",19
383,383,Luffy vs. Blueno,"September 26, 2005",19
384,384,Raise the Counterattack Signal,"October 3, 2005",19
385,385,There Is a Way,"October 8, 2005",19
386,386,Unprecedented,"October 17, 2005",15
387,387,Gear,"October 31, 2005",19
388,388,Gear Second,"November 7, 2005",19
389,389,Respond,"November 14, 2005",19
390,390,Return Fire,"November 21, 2005",19
391,391,"The Girl Called ""Devil""","November 28, 2005",19
392,392,Dereshi,"December 12, 2005",19
393,393,Olvia,"December 19, 2005",19
394,394,Demons of Ohara,"December 26, 2005",19
395,395,Ohara vs. the World Government,"January 7, 2006",19
396,396,Saul,"January 23, 2006",19
397,397,In Order to Reach the Future,"January 30, 2006",19
398,398,Declaration of War,"February 6, 2006",19
399,399,Jump into the Waterfall!!,"February 13, 2006",19
400,400,The Releasing Key,"February 20, 2006",19
401,401,Pirates vs. CP9,"February 27, 2006",19
402,402,No. 2 Handcuffs,"March 6, 2006",19
403,403,Mr. Chivalry,"March 13, 2006",19
404,404,Franky vs. Fukuro,"March 20, 2006",19
405,405,Power,"March 27, 2006",19
406,406,Seimei Kikan,"April 10, 2006",19
407,407,Monster,"April 17, 2006",19
408,408,Monster vs. Kumadori,"April 24, 2006",19
409,409,Emergency Bad News Broadcast,"May 8, 2006",19
410,410,Nami Becomes Huge,"May 15, 2006",19
411,411,Nami vs. Kalifa,"May 22, 2006",19
412,412,The Chance Has Ended,"May 29, 2006",19
413,413,Hunter,"June 5, 2006",19
414,414,Sanji vs. Jabra,"June 12, 2006",19
415,415,Heat Up,"June 19, 2006",19
416,416,Zoro vs. Kaku,"June 26, 2006",19
417,417,Asura,"July 3, 2006",19
418,418,Luffy vs. Rob Lucci,"July 10, 2006",19
419,419,The Legendary Hero,"July 15, 2006",19
420,420,Buster Call,"July 24, 2006",19
421,421,Gear Third,"July 31, 2006",19
422,422,Rob Lucci,"August 7, 2006",19
423,423,Mermaid Legend,"August 21, 2006",19
424,424,Escape Ship,"August 28, 2006",19
425,425,Struggle on the Bridge,"September 4, 2006",19
426,426,A Ship Waiting for Wind,"September 11, 2006",19
427,427,It's Not Like It's Hell Here,"September 16, 2006",19
428,428,Let's Return,"September 25, 2006",19
429,429,Complete Defeat,"October 2, 2006",19
430,430,Falling Snow of Reminiscence,"October 7, 2006",19
431,431,Fist of Love,"October 23, 2006",19
432,432,Jack in the Box,"October 30, 2006",19
433,433,The Name of that Sea is,"November 6, 2006",19
434,434,Whitebeard and Redhair,"November 13, 2006",19
435,435,Understanding Your Feelings,"November 20, 2006",19
436,436,Pants from Frankyhouse,"December 4, 2006",19
437,437,Naked But Great,"December 11, 2006",19
438,438,Pride,"December 18, 2006",19
439,439,The Third and the Seventh,"December 25, 2006",19
440,440,Fire Fist vs. Blackbeard,"January 6, 2007",19
441,441,Duel on Banaro Island,"January 22, 2007",19
442,442,Adventure in the Demon Sea,"January 29, 2007",19
443,443,Thriller Bark,"February 5, 2007",19
444,444,Adventure on the Ghost Island,"February 10, 2007",19
445,445,The Zombie,"February 19, 2007",19
446,446,Doctor Hogback,"February 26, 2007",19
447,447,Surprise Zombie,"March 5, 2007",19
448,448,Moriah,"March 12, 2007",19
449,449,The Mysterious Four of Thriller Bark,"March 26, 2007",19
450,450,General Zombie Night,"April 2, 2007",19
451,451,Perona's Wonder Garden,"April 9, 2007",19
452,452,Jigorou of the Wind,"April 16, 2007",19
453,453,Cloudy With a Small Chance of Bone,"April 23, 2007",19
454,454,Humming,"April 28, 2007",19
455,455,"Royal Shichibukai, Gekko Moriah","May 14, 2007",19
456,456,Demon from the Frozen Land,"May 21, 2007",19
457,457,Meeeeeaaaaaat!!!,"May 28, 2007",19
458,458,Not the Afro,"June 4, 2007",19
459,459,Being Dead Isn't an Apology,"June 11, 2007",19
460,460,Get Back Before Dawn!!,"June 25, 2007",19
461,461,Ghost Buster,"July 2, 2007",19
462,462,Oars' Adventure,"July 9, 2007",19
463,463,Pirate Sanji vs. Mysterious Absalom,"July 14, 2007",19
464,464,Sanji's Dream,"July 23, 2007",19
465,465,Pirate Usopp vs. Princess Perona,"July 30, 2007",19
466,466,Conclusion,"August 6, 2007",19
467,467,Pirate Zoro vs. Samurai Ryuma,"August 20, 2007",19
468,468,Pirate Chopper vs. Mysterious Hogback,"August 27, 2007",19
469,469,"Show Yourselves, Straw Hat Crew!!!","September 3, 2007",19
470,470,Oars vs. the Straw Hat Crew,"September 10, 2007",19
471,471,My Friend,"September 22, 2007",19
472,472,Down,"October 1, 2007",19
473,473,"Royal Shichibukai, Bartholomew Kuma Appears","October 6, 2007",19
474,474,Gotta Do It!!!,"October 15, 2007",19
475,475,The Forest Pirates,"October 22, 2007",19
476,476,Nightmare Luffy,"October 29, 2007",19
477,477,3/8,"November 5, 2007",19
478,478,Luffy vs. Luffy,"November 12, 2007",19
479,479,Warrior of Hope,"November 19, 2007",19
480,480,Ambush Attack,"December 3, 2007",19
481,481,Shadow's Asgard,"December 10, 2007",19
482,482,Morning Comes,"December 17, 2007",19
483,483,End of the Dream,"December 25, 2007",19
484,484,Squish,"January 4, 2008",19
485,485,Straw Hat Crew - Pirate Hunter Zoro,"January 21, 2008",19
486,486,Piano,"January 28, 2008",19
487,487,That Song,"February 4, 2008",19
488,488,Song of Life,"February 9, 2008",19
489,489,The Eighth,"February 25, 2008",19
490,490,Arriving Once Again,"March 3, 2008",19
491,491,Flying Fish Riders,"March 10, 2008",19
492,492,Iron Mask Duval,"March 17, 2008",19
493,493,You Know,"March 24, 2008",19
494,494,Duval's Tragedy,"March 31, 2008",19
495,495,Gaon Cannon,"April 7, 2008",19
496,496,The Yarukiman Mangrove,"April 14, 2008",19
497,497,Adventure on the Archipelago of Dancing Soap Bubbles,"April 21, 2008",19
498,498,The 11 Supernovas,"April 28, 2008",19
499,499,Sabaody Park,"May 19, 2008",19
500,500,Embers of History,"May 26, 2008",19
501,501,A World Beginning to Swell,"June 2, 2008",19
502,502,The Celestial Dragon Incident,"June 9, 2008",19
503,503,An Island in Chaos,"June 16, 2008",19
504,504,Pirate Frontline On The Move!!,"June 23, 2008",19
505,505,Kuma,"June 30, 2008",19
506,506,Roger and Rayleigh,"July 7, 2008",19
507,507,Kizaru Arrives,"July 19, 2008",19
508,508,Island of Carnage,"July 28, 2008",19
509,509,Kizaru vs. the 4 Captains,"August 4, 2008",19
510,510,Straw Hat Crew vs. Combat Weapon,"August 11, 2008",19
511,511,Axe-Wielding Sentomaru,"August 25, 2008",19
512,512,Zoro Lost,"September 1, 2008",19
513,513,I Couldn't Save Them!!!,"September 8, 2008",19
514,514,Mushrooms Only Grow from the Body,"September 13, 2008",19
515,515,Adventure on an Island of Women,"September 22, 2008",19
516,516,The Pirate Empress Boa Hancock,"September 29, 2008",19
517,517,Bathing,"October 6, 2008",19
518,518,The Arena,"October 11, 2008",19
519,519,A King's Disposition,"October 27, 2008",19
520,520,Gorgon's Eyes,"November 1, 2008",19
521,521,The Hoof of Celestial Dragons,"November 10, 2008",19
522,522,Fatal Disease,"November 17, 2008",19
523,523,Hell,"November 22, 2008",19
524,524,No One Can Stop This Now,"December 1, 2008",19
525,525,Underwater Prison Impel Down,"December 8, 2008",17
526,526,Adventure in the Great Prison,"December 22, 2008",21
527,527,Level 1 Crimson Hell,"January 5, 2009",19
528,528,"Jinbe, Knight of the Sea","January 19, 2009",19
529,529,Level 2 Wild Beast Hell,"January 26, 2009",19
530,530,From Hell to Hell,"February 2, 2009",19
531,531,Level 3 Starvation Hell,"February 9, 2009",19
532,532,Jailer Beast Minotaurus,"February 16, 2009",19
533,533,Level 4 Inferno Hell,"February 23, 2009",19
534,534,Chief Warden Magellan vs. Pirate Luffy,"March 9, 2009",19
535,535,Friends,"March 16, 2009",19
536,536,Level 5 Frozen Hell,"March 23, 2009",19
537,537,Okama in Hell,"March 30, 2009",19
538,538,Level 5.5 New Kama Land,"April 6, 2009",19
539,539,Emporio Tension Hormones,"April 13, 2009",19
540,540,Level 6 Eternal Hell,"April 27, 2009",19
541,541,The Likes of Which It Has Never Seen,"May 11, 2009",19
542,542,Another Incident to Be Told,"May 18, 2009",19
543,543,Straw Hat and Blackbeard,"May 25, 2009",19
544,544,Even the Lid of Hell's Cauldron Will Open,"June 1, 2009",19
545,545,To the Sunshine in Outside World,"June 8, 2009",19
546,546,"Captain of Fishmen Pirates, ""Shichibukai"" Jinbe","June 15, 2009",17
547,547,Escaping the Island,"June 22, 2009",19
548,548,Thank You,"June 29, 2009",19
549,549,Ship Sailing Forth,"July 6, 2009",19
550,550,Marine Headquarters,"July 18, 2009",19
551,551,"Yonko ""Whitebeard""","July 27, 2009",19
552,552,Ace and Whitebeard,"August 3, 2009",19
553,553,Conflict at the Summit,"August 10, 2009",17
554,554,Admiral Akainu,"August 24, 2009",15
555,555,Oars and the kasa,"August 31, 2009",19
556,556,Justice will Prevail!!,"September 7, 2009",17
557,557,Luffy and Whitebeard,"September 19, 2009",17
558,558,Younger Brother,"September 28, 2009",17
559,559,Karma,"October 5, 2009",17
560,560,The Prisoners of Impel Down,"October 10, 2009",17
561,561,Luffy vs. Mihawk,"October 26, 2009",17
562,562,Pirate Maelstrom Spider Squard,"November 2, 2009",17
563,563,"One Heart, One Man","November 9, 2009",17
564,564,The Man Who Shakes The World,"November 21, 2009",17
565,565,Path of Oars,"November 30, 2009",17
566,566,Assault,"December 7, 2009",19
567,567,"Marineford Marine Headquarters, Oris Plaza","December 14, 2009",19
568,568,Have It Your Own Damned Way,"December 21, 2009",15
569,569,White Monster,"January 4, 2010",15
570,570,Bridge of Life,"January 18, 2010",15
571,571,Execution Platform,"January 25, 2010",17
572,572,The Times They Are A-Changin',"February 1, 2010",17
573,573,"I Call the Name of This Age ""Whitebeard""","February 8, 2010",17
574,574,Portgas D. Ace Dies,"February 15, 2010",17
575,575,Anger Without Words,"February 22, 2010",15
576,576,The Great Pirate Edward Newgate,"March 8, 2010",17
577,577,Major Events Piling Up One After Another,"March 15, 2010",17
578,578,He Who Must Live to See a New Age,"March 20, 2010",19
579,579,Seconds of Courage,"March 29, 2010",17
580,580,End of the War,"April 5, 2010",15
581,581,Creeping Future,"April 19, 2010",17
582,582,Luffy and Ace,"April 26, 2010",19
583,583,Gray Terminal - The Final Destination of the Uncertainty,"May 10, 2010",17
584,584,The Porchemy Incident,"May 17, 2010",17
585,585,Brothers' Sake Cups,"May 24, 2010",19
586,586,A Fetid Town,"May 31, 2010",19
587,587,I Will Not Run!,"June 7, 2010",19
588,588,Sabo's Ocean,"June 14, 2010",19
589,589,Efforts Toward Glory,"June 28, 2010",19
590,590,My Little Brother,"July 5, 2010",19
591,591,You Sure That's Alright?,"July 12, 2010",19
592,592,Yell,"July 17, 2010",19
593,593,News,"July 26, 2010",19
594,594,Message,"August 2, 2010",19
595,595,Oath,"August 9, 2010",19
596,596,Spectrum,"August 23, 2010",19
597,597,3D2Y,"August 30, 2010",19
598,598,2 Years Later,"October 4, 2010",24
599,599,9 Pirates,"October 9, 2010",19
600,600,The Island of Restarting,"October 18, 2010",19
601,601,Romance Dawn for the new world - The Dawn of an Adventure into the New World,"October 25, 2010",19
602,602,Rudder Straight Down!!,"November 1, 2010",17
603,603,Keep It in Your Heart,"November 8, 2010",17
604,604,Into the Depths,"November 15, 2010",19
605,605,The Kraken and the Pirates,"November 29, 2010",19
606,606,Adventure in the Ocean Depths,"December 6, 2010",17
607,607,"10,000 Meters Under the Sea","December 13, 2010",17
608,608,Undersea Paradise,"December 20, 2010",17
609,609,Adventure on Fishman Island,"January 4, 2011",19
610,610,Fortune-Teller Madame Shyarly,"January 17, 2011",15
611,611,Hody Jones,"January 24, 2011",17
612,612,Brought by the Shark They Saved,"January 31, 2011",19
613,613,The Mermaid Princess in Hard-Shell Tower,"February 7, 2011",17
614,614,What's Done is Done,"February 14, 2011",17
615,615,Curse of Mato Mato,"February 21, 2011",17
616,616,Anniversary of Revenge,"February 28, 2011",17
617,617,Major Incident on Coral Hill,"March 14, 2011",17
618,618,Proposal,"March 19, 2011",19
619,619,At the Sea Forest,"April 4, 2011",17
620,620,The Longed-For Amusement Park,"April 11, 2011",17
621,621,Otohime and Tiger,"April 18, 2011",17
622,622,The Sun Pirates,"April 25, 2011",19
623,623,Pirate Fisher Tiger,"May 9, 2011",19
624,624,Queen Otohime,"May 16, 2011",17
625,625,Uninherited Will,"May 23, 2011",19
626,626,The Three Neptune Brothers,"May 30, 2011",19
627,627,You Have My Gratitude,"June 6, 2011",19
628,628,Major Cleanup,"June 20, 2011",19
629,629,The Former Shichibukai Who Stands in the Way,"June 27, 2011",19
630,630,Lashing Out,"July 4, 2011",19
631,631,Gyoncorde Plaza,"July 11, 2011",19
632,632,I Knew it All Along,"July 16, 2011",19
633,633,Friend or Foe,"August 1, 2011",19
634,634,"100,000 vs. 10","August 8, 2011",19
635,635,So Disgusting It Makes Me Fly,"August 22, 2011",19
636,636,The General From the Future Land,"August 29, 2011",19
637,637,The Ancient Ark,"September 5, 2011",19
638,638,Runawayhoshi,"September 12, 2011",19
639,639,I'll Protect Everything,"September 17, 2011",19
640,640,Right Above Fishman Island,"September 26, 2011",19
641,641,What Are You?,"October 8, 2011",19
642,642,Complete Loss of Face,"October 17, 2011",19
643,643,Phantom,"October 24, 2011",19
644,644,To Zero,"October 31, 2011",19
645,645,Death is Also Revenge,"November 7, 2011",19
646,646,Frog,"November 21, 2011",19
647,647,"Stop, Noah!","November 28, 2011",19
648,648,The Path Towards the Sun,"December 5, 2011",19
649,649,Dance of Sea Breams and Flounders,"December 12, 2011",19
650,650,Two Changes You Need to Know,"December 19, 2011",17
651,651,The Voice From the New World,"January 4, 2012",19
652,652,Grim Premonitions,"January 16, 2012",17
653,653,The Hero's Hat,"January 23, 2012",19
654,654,Gam,"January 30, 2012",19
655,655,Punk Hazard,"February 6, 2012",19
656,656,Adventure on the Burning Island,"February 13, 2012",19
657,657,Severed Head,"February 20, 2012",17
658,658,Biscuits Room,"March 5, 2012",19
659,659,About My Torso,"March 12, 2012",19
660,660,Royal Shichibukai Trafalgar Law,"March 19, 2012",19
661,661,The Lake of Bandits,"March 26, 2012",19
662,662,Shichibukai Law vs. Vice Admiral Smoker,"April 2, 2012",19
663,663,CC,"April 16, 2012",19
664,664,Master Caesar Clown,"April 23, 2012",19
665,665,Candy,"May 7, 2012",17
666,666,Yeti Cool Brothers,"May 14, 2012",17
667,667,Cool Fight,"May 21, 2012",19
668,668,Pirate Alliance,"May 28, 2012",19
669,669,The Operation Begins,"June 4, 2012",17
670,670,Blizzard With a Chance of Slime,"June 11, 2012",17
671,671,Gasu Gasu no Mi,"June 18, 2012",17
672,672,My Name Is Kin'emon!!,"July 2, 2012",19
673,673,Vergo and Joker,"July 9, 2012",19
674,674,Spectators,"July 14, 2012",17
675,675,Its Name is 'Shinokuni',"July 30, 2012",19
676,676,The Perfected Weapon of Mass Destruction,"August 6, 2012",19
677,677,Counter Hazard!!,"August 20, 2012",19
678,678,The Lobby of Laboratory Building A,"August 27, 2012",17
679,679,The Spirit of G-5,"September 3, 2012",19
680,680,Marine G-5 Base Leader: Demon Bamboo Vergo,"September 10, 2012",19
681,681,Luffy vs. Master,"September 15, 2012",19
682,682,Mastermind,"September 24, 2012",19
683,683,An Icy Woman,"October 6, 2012",19
684,684,"Stop It, Vegapunk","October 15, 2012",19
685,685,My Name is Momonosuke!!,"October 22, 2012",19
686,686,The Snow Woman in the Biscuits Room,"October 29, 2012",19
687,687,Wild Animal,"November 5, 2012",19
688,688,Mocha,"November 12, 2012",19
689,689,A Seemingly Non-Existent Island,"November 26, 2012",19
690,690,SAD,"December 3, 2012",19
691,691,The King of the Land of Death,"December 10, 2012",21
692,692,The Assassins from Dressrosa,"December 17, 2012",19
693,693,Die for Me,"December 22, 2012",17
694,694,The Most Dangerous Man,"January 4, 2013",17
695,695,Leave It to Me!!!,"January 21, 2013",19
696,696,Community of Interests,"January 28, 2013",19
697,697,Deal,"February 4, 2013",19
698,698,Doflamingo Appears,"February 9, 2013",19
699,699,Morning Paper,"February 25, 2013",19
700,700,His Own Pace,"March 4, 2013",19
701,701,"Adventure in the Country of Love, Passion, and Toys","March 11, 2013",19
702,702,Corrida Colosseum,"March 25, 2013",15
703,703,Waiting Room,"April 1, 2013",19
704,704,Lucy and the Statue of Kyros,"April 8, 2013",19
705,705,Maynard the Pursuer,"April 15, 2013",19
706,706,I Won't Laugh at You,"April 22, 2013",15
707,707,B Block,"April 27, 2013",17
708,708,Colosseum of Rascals,"May 13, 2013",15
709,709,King Punch!!,"May 20, 2013",19
710,710,To Green Bit,"June 10, 2013",19
711,711,Adventure in the Land of Dwarves,"June 17, 2013",19
712,712,Violet,"July 1, 2013",19
713,713,Usoland,"July 8, 2013",19
714,714,Lucy and Ucy,"July 13, 2013",19
715,715,Closely Contested C Block,"July 22, 2013",19
716,716,Don Chinjao,"August 5, 2013",19
717,717,The Forgotten of Dressrosa,"August 12, 2013",19
718,718,The Riku Royal Army in the Flower Fields,"August 26, 2013",19
719,719,Open Chinjao,"September 2, 2013",19
720,720,Prisoner Gladiators,"September 9, 2013",19
721,721,Rebecca and Soldier-san,"September 14, 2013",19
722,722,Royal Bloodlines,"September 30, 2013",19
723,723,Change of Plans,"October 7, 2013",19
724,724,Law's Strategy,"October 12, 2013",19
725,725,The Undefeated Woman,"October 21, 2013",17
726,726,The Riku Family,"November 2, 2013",19
727,727,The Lurking Hero,"November 11, 2013",19
728,728,The Number of Tragedies,"November 18, 2013",19
729,729,Shichibukai Doflamingo vs. Shichibukai Law,"November 25, 2013",17
730,730,3 Cards,"December 9, 2013",19
731,731,Operation Dressrosa SOP,"December 16, 2013",19
732,732,The Underground World,"December 21, 2013",19
733,733,What Soldier-san Wants,"January 4, 2014",19
734,734,The Kamaitachi of Rommel,"January 20, 2014",19
735,735,Fujitora's Intention,"January 27, 2014",19
736,736,Executive Officer Diamante,"February 3, 2014",19
737,737,Officer Tower,"February 10, 2014",19
738,738,Trebol Army Special Officer Sugar,"February 24, 2014",19
739,739,Commander,"March 3, 2014",19
740,740,It's Up to You!!!,"March 10, 2014",19
741,741,Liar Usoland,"March 17, 2014",19
742,742,I'll Always Be By Your Side,"March 31, 2014",19
743,743,Dressrosa in Turmoil,"April 7, 2014",19
744,744,The Revolutionary Army Chief of Staff,"April 14, 2014",19
745,745,Birdcage,"April 28, 2014",19
746,746,Stars,"May 12, 2014",19
747,747,Executive Officer Pica,"May 19, 2014",19
748,748,My Repayment,"May 26, 2014",17
749,749,March Forward!! Army of Rascals,"June 2, 2014",17
750,750,The State of the War,"June 23, 2014",19
751,751,Sabo vs. Admiral Fujitora,"June 30, 2014",17
752,752,Palm,"July 7, 2014",17
753,753,War,"July 19, 2014",17
754,754,Pleased to Make Your Acquaintance,"July 28, 2014",17
755,755,World of Men,"August 4, 2014",17
756,756,The Fourth Level,"August 11, 2014",19
757,757,Trump Card,"August 25, 2014",17
758,758,Leave It and Go Ahead,"September 1, 2014",17
759,759,Secret Plan,"September 8, 2014",17
760,760,The Same Bet,"September 13, 2014",13
761,761,Ope Ope no Mi,"September 22, 2014",15
762,762,The White City,"October 6, 2014",17
763,763,Humanity Declaration,"October 11, 2014",17
764,764,White Monster,"October 20, 2014",19
765,765,The Island of Fate: Minion,"October 27, 2014",17
766,766,Smile,"November 10, 2014",17
767,767,Cora-san,"November 17, 2014",17
768,768,The Trigger on That Day,"November 22, 2014",15
769,769,Pirate Bellamy,"December 1, 2014",17
770,770,The Spear of Elbaf,"December 15, 2014",17
771,771,Happo Navy Don Sai,"December 22, 2014",19
772,772,Cabbage & Lomeo,"January 5, 2015",17
773,773,Half & Half,"January 19, 2015",19
774,774,"Leo, the Tontatta Troop Leader","January 26, 2015",15
775,775,"To Russian, With Love","February 2, 2015",19
776,776,The Hero of the Colosseum,"February 16, 2015",19
777,777,Zoro vs. Pica,"February 23, 2015",19
778,778,Tactics No. 5,"March 2, 2015",19
779,779,The Last Fight,"March 9, 2015",19
780,780,The Curse of Heart,"March 23, 2015",15
781,781,Long-Cherished Desire,"March 30, 2015",19
782,782,The Charisma of Evil,"April 6, 2015",19
783,783,In My Way,"April 13, 2015",19
784,784,Gear Fourth,"April 27, 2015",19
785,785,Even If Your Legs Break,"May 11, 2015",19
786,786,Gatz,"May 18, 2015",17
787,787,4 Minutes Before,"May 25, 2015",17
788,788,My Fight,"June 1, 2015",17
789,789,Lucy!!,"June 8, 2015",19
790,790,Heaven and Earth,"June 22, 2015",19
791,791,Rubble,"June 29, 2015",17
792,792,Prostration,"July 6, 2015",15
793,793,Tiger and Dog,"July 13, 2015",15
794,794,Sabo's Adventure,"July 18, 2015",15
795,795,Suicide,"August 3, 2015",17
796,796,Soldier-san's Determination,"August 10, 2015",19
797,797,Rebecca,"August 24, 2015",17
798,798,Heart,"August 31, 2015",17
799,799,Parent and Child,"September 7, 2015",17
800,800,Followers' Sake Cups,"September 19, 2015",17
801,801,Opening Declaration,"September 28, 2015",17
802,802,Zou,"October 5, 2015",17
803,803,Elephant Climbing,"October 10, 2015",13
804,804,Adventure in the Country on the Back of an Elephant,"October 26, 2015",17
805,805,The Mink Tribe,"November 2, 2015",17
806,806,At the Fortress of Right Belly,"November 9, 2015",17
807,807,10 Days Ago,"November 21, 2015",17
808,808,Duke Inuarashi,"November 30, 2015",17
809,809,Master Nekomamushi,"December 7, 2015",19
810,810,The Curly Hat Pirates Arrive,"December 21, 2015",17
811,811,Roko,"January 4, 2016",19
812,812,"Capone ""Gang"" Bege","January 18, 2016",17
813,813,Tea Party Invitation,"January 25, 2016",17
814,814,Let's Go See Master Nekomamushi,"February 1, 2016",17
815,815,Take Me with You!!,"February 8, 2016",17
816,816,Dog vs. Cat,"February 15, 2016",17
817,817,Raizo of the Mist,"February 29, 2016",19
818,818,Inside the Whale,"March 7, 2016",17
819,819,"Momonosuke, Heir of the Kozuki Family","March 14, 2016",17
820,820,Dog and Cat Have a History,"March 19, 2016",17
821,821,Understood,"April 4, 2016",19
822,822,Descending the Elephant,"April 11, 2016",17
823,823,A World Abuzz,"April 18, 2016",17
824,824,Whim,"April 25, 2016",19
825,825,The WEJ's Comic Strip,"May 9, 2016",13
826,826,0 and 4,"May 23, 2016",17
827,827,Totto Land,"May 30, 2016",17
828,828,1 and 2,"June 6, 2016",17
829,829,"The Yonko, Charlotte Linlin the Pirate","June 20, 2016",18
830,830,A Man You Can Bet On,"June 27, 2016",17
831,831,Adventure in the Mysterious Forest,"July 4, 2016",17
832,832,Germa Kingdom,"July 16, 2016",19
833,833,Vinsmoke Judge,"July 25, 2016",19
834,834,My Dream,"August 1, 2016",17
835,835,The Nation of Souls,"August 8, 2016",19
836,836,The Vivre Card Lola Gave,"August 22, 2016",15
837,837,Luffy vs. Commander Cracker,"August 29, 2016",17
838,838,Choniki,"September 5, 2016",17
839,839,I Owe You My Life,"September 17, 2016",17
840,840,Iron Mask,"September 26, 2016",17
841,841,To the East Blue,"October 3, 2016",17
842,842,The Power of Fullness,"October 8, 2016",15
843,843,Vinsmoke Sanji,"October 24, 2016",19
844,844,Luffy vs. Sanji,"October 31, 2016",17
845,845,Forces of Rage,"November 7, 2016",17
846,846,Tamago's Security,"November 21, 2016",17
847,847,Luffy and Big Mom,"November 28, 2016",17
848,848,Goodbye,"December 5, 2016",19
849,849,Choniki in Mirrorland,"December 12, 2016",17
850,850,A Ray of Light,"December 26, 2016",17
851,851,Moist Cigarette,"January 7, 2017",17
852,852,Germa's Failure,"January 16, 2017",17
853,853,Not Here,"January 30, 2017",17
854,854,What Are You Doing?,"February 6, 2017",17
855,855,Gugyurururu!!!,"February 13, 2017",17
856,856,Liar,"February 20, 2017",17
857,857,Rook,"March 6, 2017",17
858,858,Meeting,"March 13, 2017",19
859,859,Yonko Assassination Plan,"March 18, 2017",17
860,860,10:00 Opening of the Banquet,"March 27, 2017",17
861,861,Good Actor,"April 3, 2017",17
862,862,The Intelligent Ones,"April 17, 2017",17
863,863,The Honorable,"April 24, 2017",19
864,864,The Vinsmoke Family Massacre Plan,"May 8, 2017",17
865,865,"Hey, Mother","May 15, 2017",17
866,866,Natural Born Destroyer,"May 29, 2017",17
867,867,Happy Birthday,"June 5, 2017",17
868,868,KX Launcher,"June 12, 2017",17
869,869,Under Siege,"June 19, 2017",19
870,870,Parting,"July 3, 2017",17
871,871,"You Can Do It, Caesar!!","July 10, 2017",17
872,872,Thick and Fluffy,"July 15, 2017",19
873,873,Trapped Like Sweets in a Cage,"July 24, 2017",17
874,874,Become My Servant,"August 7, 2017",19
875,875,A Woman's Honor,"August 21, 2017",17
876,876,Pudding Coincidentally Appears!!,"August 28, 2017",17
877,877,Not Sweet,"September 4, 2017",17
878,878,"Mink Tribe, Guardians Captain Pedro","September 16, 2017",19
879,879,"One of Big Mom's ""3 Sweet Commanders"", Katakuri","September 25, 2017",17
880,880,Zero Escape,"October 2, 2017",17
881,881,Wave Room,"October 7, 2017",17
882,882,Beyond the Yonko's Expectations,"October 23, 2017",17
883,883,Merienda,"October 30, 2017",17
884,884,Who,"November 6, 2017",17
885,885,It's Brûlée!!!,"November 13, 2017",17
886,886,Way of Life,"November 27, 2017",19
887,887,"Somewhere, Someone is Wishing for Your Happiness","December 4, 2017",17
888,888,Lion,"December 11, 2017",17
889,889,An Unknown Mama,"December 25, 2017",17
890,890,Big Mom on the Ship,"January 4, 2018",19
891,891,Believing in Me,"January 15, 2018",17
892,892,Recognized as Strong Opponents,"January 29, 2018",17
893,893,36th Daughter of the Charlotte Family - Flampe,"February 5, 2018",17
894,894,12:05,"February 10, 2018",17
895,895,Pirate Luffy vs. Commander Katakuri,"February 19, 2018",17
896,896,The Last Request,"March 5, 2018",17
897,897,Pekoms's Cacao Island Esca,"March 12, 2018",17
898,898,We'll Definitely Return,"March 19, 2018",17
899,899,The Last Stand,"March 26, 2018",17
900,900,Bad End Musical,"April 2, 2018",19
901,901,"Even If You Die, Don't Die!!!","April 16, 2018",17
902,902,End Roll,"April 23, 2018",19
903,903,The Fifth Emperor,"May 2, 2018",17
904,904,The Entrance of the Revolutionary Army Commanders,"May 14, 2018",15
905,905,A Beautiful World,"May 28, 2018",17
906,906,The Holy Land Mary Geoise,"June 4, 2018",17
907,907,The Empty Throne,"June 11, 2018",17
908,908,The Reverie Begins,"June 18, 2018",17
909,909,Seppuku,"July 2, 2018",17
910,910,Onward to Wano Country,"July 9, 2018",17
911,911,Adventure in the Land of Samurai,"July 14, 2018",19
912,912,Amigasa Village,"July 23, 2018",19
913,913,Tsuru Returns the Favor,"August 6, 2018",17
914,914,Okobore Town,"August 20, 2018",17
915,915,Bakura Town,"August 27, 2018",17
916,916,Wano Country Grand Sumo Tournament,"September 3, 2018",19
917,917,The Treasure Ship of Provisions,"September 15, 2018",17
918,918,Luffy-tarou Repays the Favor,"September 22, 2018",17
919,919,The Ruins of Oden Castle,"October 1, 2018",17
920,920,For Love of Oden,"October 6, 2018",17
921,921,Shutenmaru,"October 22, 2018",19
922,922,Beasts Pirates General: Kaido,"October 29, 2018",17
923,923,Yonko Kaido vs. Luffy,"November 5, 2018",17
924,924,Ha,"November 12, 2018",15
925,925,The Blank,"November 26, 2018",17
926,926,The Prisoner Mine,"December 3, 2018",17
927,927,The Courtesan's Kamuro,"December 10, 2018",15
928,928,The Oiran Komurasaki Takes the Stage,"December 22, 2018",17
929,929,"Kurozumi Orochi, Shogun of the Wano Country","January 7, 2019",18
930,930,Ebisu Town,"January 21, 2019",17
931,931,Soba Mask,"February 4, 2019",17
932,932,The Shogun and the Courtesan,"February 9, 2019",17
933,933,A Samurai's Mercy,"February 18, 2019",17
934,934,Hyogoro of the Flower,"February 25, 2019",15
935,935,Queen,"March 11, 2019",17
936,936,The Great Sumo Inferno,"March 18, 2019",17
937,937,Gyukimaru of Bandit Bridge,"March 25, 2019",17
938,938,Her Secret,"April 1, 2019",13
939,939,An Old Leopard Knows The Way,"April 15, 2019",17
940,940,The Spark of Rebellion,"April 22, 2019",17
941,941,Ebisu Town's Most Beloved,"April 27, 2019",17
942,942,"The Daimyo of Hakumai, Shimotsuki Yasuie","May 13, 2019",17
943,943,SMILE,"May 27, 2019",17
944,944,Partner,"June 3, 2019",17
945,945,O-Lin,"June 10, 2019",19
946,946,Queen vs. O-Lin,"June 24, 2019",17
947,947,Queen's Gamble,"July 1, 2019",17
948,948,Kawamatsu the Kappa Takes the Stage,"July 8, 2019",17
949,949,Mummy,"July 22, 2019",19
950,950,The Warriors' Dreams,"July 29, 2019",17
951,951,Rampage,"August 5, 2019",19
952,952,Hiyori and Kawamatsu,"August 19, 2019",17
953,953,Once Upon a Fox,"August 26, 2019",17
954,954,Like Giving Wings to a Dragon,"September 2, 2019",15
955,955,Enma,"September 14, 2019",17
956,956,Big News,"September 21, 2019",17
957,957,Ultimate,"September 30, 2019",19
958,958,The Promised Port,"October 7, 2019",15
959,959,Samurai,"October 21, 2019",17
960,960,Kozuki Oden Takes the Stage,"October 28, 2019",17
961,961,The Mountain God Incident,"November 2, 2019",17
962,962,The Daimyo and His Retainers,"November 18, 2019",13
963,963,Becoming Samurai,"November 25, 2019",17
964,964,Oden's Adventure,"December 2, 2019",17
965,965,The Kurozumi Family Conspiracy,"December 16, 2019",17
966,966,Roger and Whitebeard,"December 23, 2019",17
967,967,Roger's Adventure,"January 7, 2020",19
968,968,Oden's Return,"January 20, 2020",17
969,969,Fool of a Lord,"January 27, 2020",17
970,970,Oden vs. Kaido,"February 3, 2020",17
971,971,Boiled Alive,"February 17, 2020",17
972,972,"I am Oden, And I Was Born to Boil","February 22, 2020",19
973,973,The Kozuki Clan,"March 9, 2020",17
974,974,Onward to Onigashima!!,"March 16, 2020",17
975,975,Kin'emon's Clever Trick,"March 23, 2020",17
976,976,Allow Me to Introduce Myself!!!,"April 6, 2020",19
977,977,The Party's Off!!!,"April 13, 2020",17
978,978,Tobiroppo Introduction,"April 27, 2020",17
979,979,Family Problems,"May 11, 2020",17
980,980,Takatau Music,"May 25, 2020",17
